,review_text,app_name,major_class,small_class,word_1,small_class_2,word_2,small_class_3,
0,this app is stupid I couldn't even log in. seat geek is better.,Bandsintown Concerts,Problem Discovery,App,app,Feature or Functionality,"log in,seat geek",,
1,Fantastic way to keep up to date with what 'Gigs' are coming up!!!,Bandsintown Concerts,Information Giving,Contents,way to,app,Fantastic,,
2,went to try to update and told me to try again later. t,Bandsintown Concerts,Problem Discovery,Updates/ Versions,update,,,,
3,So much better showing past events! Thanks,Bandsintown Concerts,Information Giving,Feature or Functionality,showing,Contents,past events,,
4,will not allow me to change location,Bandsintown Concerts,Information Giving,Feature or Functionality,change location,,,,
5,"Can't log in because there is no keyboard pop up when clicking the login link, so the app is kinda useless.",Bandsintown Concerts,Problem Discovery/Problem Discovery,Feature or Functionality,log in,GUI,keyboard,,
6,"Works great. Free. I continue to find concerts I am interested in. I switch locations between VA, NC & Michigan quickly & easily. Love it, use it exclusively to find live music. Still using Bands In Town and I've found numerous concerts, that I've attended, in various states. Absolutely a great app with no hassles.",Bandsintown Concerts,Information Giving,Pricing,free,Contents,concerts/find live music,Feature or Functionality,switch location
7,Philosophical Review: you should not need to download an app to buy concert tickets if you don't want to.,Bandsintown Concerts,Information Giving,Contents,concert tickets,Download,download,,
8,"Magically tracking bands and artists without even knowing who they are. Account hasn't been hacked, please fix this! Also, recommendations are way off when it suggests artists based on what I'm currently tracking.",Bandsintown Concerts,Problem Discovery,Feature or Functionality,tracking/recommendations,Improvement,please fix,,
9,Its okay but Last.FM connections stopped working several versions ago and still isn't fixed.,Bandsintown Concerts,Problem Discovery,Updates/ Versions,version,Feature or Functionality,connecyion stop,,
10,"was fine. since it decided I was in Stockton on Tees and won't let me change it, useless. uninstalled.",Bandsintown Concerts,Information Giving,Feature or Functionality,change,,,,
11,"DO NOT USE. I lost 100$. The app uses your location and bands you like to suggest concerts that are nearby to you. And upcoming concert I wanted to attend was for October 6th. I pressed on that concert and pressed tickets to where it redirected me to the ticket site. I chose my 3 tickets and checked out. My email i recieved my 3 tickets for the 5th of October. I checked the app again to make sure, selected my October 6th concert and it took me to October 5th tickets. I tried to contact the suppor",Bandsintown Concerts,Information Giving,Pricing,100$,Feature or Functionality, suggest concerts ,,
12,"Doesn't do anything when I try to change my location, and for some reason it thinks I'm in Canterbury, 70 miles away.",Bandsintown Concerts,Information Giving/Problem Discovery,Feature or Functionality,change my location,,,,
13,Really nice to find tickets and concerts in your area.,Bandsintown Concerts,Information Giving,"Contents/Feature or
Functionality",find tickets,Contents,area,,
14,This app is an absolute dumpster fire and I hate that I have to use it to gwt tickets for one upcoming concert I want to attend. It gates content through a sign up even though I'm not trying to buy immediately but rather scope out different venues. Abysmal content model.,Bandsintown Concerts,Information Giving,Contents,concert,,,,
15,I couldn't change my location or radius once I set it up the first time so was useless,Bandsintown Concerts,Information Giving/Problem Discovery,Feature or Functionality,change my location,,,,
16,Good app running slowly DIS WEEK,Bandsintown Concerts,Information Giving/Problem Discovery,App,running slowly,,,,
17,"I was directed to download this app when trying to buy concert tickets (which was irritating when tix to a popular show are going on sale in 5 min). I accidentally tapped the Cake page and couldn't navigate away from it to the artist I wanted. I closed and reopened the app, finally got to the artist I wanted but there was an error when I clicked the link to buy tickets. Finally just went to livenation thru my browser. Waste of time and data!",Bandsintown Concerts,Information Giving/Problem Discovery,Contents,concert tickets,GUI,navigate,,
18,Forces the screen to wake for notifications. No way to turn it off. Please give us the option to disable this.,Bandsintown Concerts,Feature Request,GUI,"option,disable",,,,
19,I love listening to all kinds k Of music,Bandsintown Concerts,Other,Contents,music,,,,
20,"Just wanted a way to buy tickets not wanting to tell it my favorite genre and bands. When I finally got to ticket buying, it told me they were available thru ticketmaster, rendering this app worthless.",Bandsintown Concerts,Information Giving,Feature or Functionality,buy tickets,,,,
21,".... sometimes. The notifications seems to be working only now and then, so better open the app to see what's coming up.",Bandsintown Concerts,Problem Discovery,Feature or Functionality,"notifications,now and then",,,,
22,Worst app ive got in a long time. Its a pong game between email confirmation and actually getting somewhere,Bandsintown Concerts,Other,App,app,,,,
23,This app is good at directing me to concerts.,Bandsintown Concerts,Information Giving,Feature or Functionality, directing me to concerts,,,,
24,"I used to love it, now it just changed my location to Brussels and I can't change it back. It says London not found. So either I move to Brussels or uninstall the app.",Bandsintown Concerts,Problem Discovery,Feature or Functionality,changed my location,,,,
25,Locations hard to find. Searches mediocre. Otherwise ok,Bandsintown Concerts,Information Giving/Problem Discovery,Feature or Functionality,"Locations,hard find",,,,
26,"If your reading this you already know that there's a lot of good live music out there you and I don't want to miss. This app is as much for me as it is for you. Whether your hiding with the herd or floating with the flock, you will be sure to find consistent good reason to 'come out and play' with bands in town. Doesn't get much better when it comes to phone apps imho.",Bandsintown Concerts,Information Giving,App,app,Contents,live music,,
27,The newest update handled the recent problems I'd been experiencing with the app. Thank you very much.,Bandsintown Concerts,Information Giving,Updates/ Versions,update,,,,
28,Good Concert app. Very.,Bandsintown Concerts,Other,App,app,,,,
29,Good app for any concert or any show near yu...must download..,Bandsintown Concerts,Information Giving,Contents,concert,,,,
30,"Can't change location, over the years and different phones I've used this app with, it's always given the same error.",Bandsintown Concerts,Problem Discovery,Feature or Functionality,change location,,,,
31,"App has been changed to be chained to a 150mi radius. Not what it used to be. It may fit a specific vision, just not for me.",Bandsintown Concerts,Information Giving,Feature or Functionality,chained,Feature or Functionality,show near,,
32,It was my favorite ticket app. Now its not doing anything!!,Bandsintown Concerts,Other,App,app,Feature or Functionality,doing anything,,
33,No working method to turn off push notifications,Bandsintown Concerts,Information Giving/Problem Discovery,Feature or Functionality, push notifications,,,,
34,App is broken. Won't load artists,Bandsintown Concerts,Problem Discovery,Feature or Functionality, load artists,,,,
35,App no longer functions Spinning wheel of refreshment and nothing else happens,Bandsintown Concerts,Information Giving,Feature or Functionality,"functions,spining wheel",,,,
36,"The app used to be quite decent. Lately though, it doesn't show any concerts, but keeps loading without end. Please look into it and try to fix it",Bandsintown Concerts,Problem Discovery,Feature or Functionality,"show any concerts|loading,fix",,,,
37,app won't work on my phone after years of no probs,Bandsintown Concerts,Problem Discovery,Model,my phone,Feature or Functionality,not work,,
38,"The app no longer will load, and clearing the cache doesn't help.",Bandsintown Concerts,Problem Discovery,Feature or Functionality,load|clearing cache,,,,
39,All I get for my location is a neverending loading icon,Bandsintown Concerts,Problem Discovery,Feature or Functionality,"get for my location,load icon",,,,
40,This app gives me all of the latest info on shows all around town.,Bandsintown Concerts,Information Giving,Contents,shows/latest info,,,,
41,App no longer loads.,Bandsintown Concerts,Problem Discovery,Feature or Functionality,no load,,,,
42,Used to be great now just get a spinning thing like it's loading. Alot of people I know have the same problem. Would rate it higher if it actually worked again.,Bandsintown Concerts,Problem Discovery,Feature or Functionality,"load,spinning",,,,
43,Very useful but stops working at times,Bandsintown Concerts,Problem Discovery,App,stops working,,,,
44,Been a great app until it stopped loading recommended/tracked artists,Bandsintown Concerts,Information Giving/Problem Discovery,Feature or Functionality,stop recommended|tracked artists,,,,
45,This app is always down but great when it isn't,Bandsintown Concerts,Information Giving/Problem Discovery,App,app,Feature or Functionality,down,,
46,"I love this app! It's easy to use and have helped me find out about interesting concerts for years! But since the last update (Nov, 27) I haven't been able to use the app. I can open it, but it just won't load anything. Please fix this /:",Bandsintown Concerts,Problem Discovery,Updates/ Versions,update,Feature or Functionality," find out about interesting concerts,fix",,
47,"It makes me feel better reading that it's not my phone, but pisses me off that this app suddenly sucks. All I get is the searching wheel of death. I can't view anything!!",Bandsintown Concerts,Information Giving,App,app,,,,
48,Great when it works but more than half the time or just constantly searches as of there is no internet connection,Bandsintown Concerts,Problem Discovery,Feature or Functionality,searches,Feature or Functionality,internet connection,,
49,This app is the worst. Daily bs messages. Only larger venues.,Bandsintown Concerts,Information Giving,Feature or Functionality,messages,,,,
50,"Changing location apparently broken, no ""OK"" button, going ""back"" doesn't save new location/radius. Blows up your phone with lots of annoying notifications where bands you follow announce a tour where you don't live. I bet everyone who goes to regular gigs and follows a ton of bands just turns that off within a week.",Bandsintown Concerts,Problem Discovery,GUI,button,Feature or Functionality,Changing location ,,
51,Why can't I change the location on the app?? It's so annoying!,Bandsintown Concerts,Information Seeking/Problem Discovery,Feature or Functionality,change the location,,,,
52,"I use this app a couple of months ago to go. Haven't been on it in a while, I opened it up and nothing will load and it won't update my location. The app just won't work anymore, it's constantly loading and I don't see anything. I really really really hope this is fixed soon because I love this app. I even went as far as deleting the app and reinstalling it on my phone and it still doesn't work it's still only loads and I don't see anything. Real big bummer..",Bandsintown Concerts,Information Giving/Problem Discovery,Feature or Functionality,load|update my location,,,,
53,"Forwarded to this site when trying to book Paul Kelly tickets. Answered all t hi e unnecessary question, then. Can't find artist. Uninstall..",Bandsintown Concerts,Information Giving,Contents,artist,Contents,site,,
54,"I use to really enjoy this app. Now there are so many problems with it. It is some what decent, but I rather just look at StubHub or Vivid for shows in town.",Bandsintown Concerts,Information Giving/Problem Discovery,App,"app,problems",,,,
55,"Good idea, poor execution. You can't set your radius for further than 150mi, get notifications for multiple locations, or search by date, so it's really only useful for checking what local bar bands are playing tonight - bands 'in town' isn't just a cute name. If you're the type to make a weekend trip to see a band you like, or live somewhere like the northeast corridor where taking a 150+ mile train ride to a show isn't unusual, it probably won't do what you want. Which is a shame, because it's a great app idea and an excellent interface.",Bandsintown Concerts,Information Giving,Feature or Functionality,set|get notifications,GUI,interface,,
56,"It cost a lot of money, dont install.",Bandsintown Concerts,Information Giving,Pricing,money,,,,
57,Literally broken. Just loads forever,Bandsintown Concerts,Problem Discovery,Feature or Functionality,"load,broken",,,,
58,Helps me keep track of bands i already like,Bandsintown Concerts,Information Giving,Feature or Functionality,track ,,,,
59,"*Awesome* As a music (live especially) lover... I need this app. Keeps me informed about acts, tours, pricing. Follow your favorite bands, venues,etc. Simply Awesome Thanks to the administration...",Bandsintown Concerts,Information Giving,Feature or Functionality, Follow your favorite bands,Contents,acts|tours|pricing,,
60,Too many notifications. When I try to turn off notifications "network error",Bandsintown Concerts,Information Giving/Problem Discovery,Feature or Functionality," notifications,network error",,,,
61,Doesn't load any events,Bandsintown Concerts,Problem Discovery,Feature or Functionality,load events,,,,
62,Continue on web should allow me to continue on web. I don't want this app. Not to mention you need an account to even see anything that's always available on PC,Bandsintown Concerts,Information Giving,App,app,,,,
63,"It was great, then the location tracking screwed up and it insists I'm 500 miles from where I live. Each time I delete the app data and cache and re-log in, it thinks I'm somewhere else. Today I've been to Lancashire and Devon, apparently. Such a shame",Bandsintown Concerts,Information Giving/Problem Discovery,Feature or Functionality, location tracking ,,,,
64,I dont live in Camberwell and it wont let me change location. Utter rubbish since last update Shame i cant give no stars,Bandsintown Concerts,Information Giving,Feature or Functionality,change  location,Updates/ Versions,update,,
65,how come i can't find this in my iphone?,Free Music,Information Seeking/other,App,,,,,
66,Easy to use and good song selection ?,Free Music,Information Giving,Contents,song selection,,,,
67,its the best??????????????,Free Music,Other,App,,,,,
68,it good not the best app,Free Music,Other,App,app,,,,
69,Love the music???????????????,Free Music,Other,Contents,music,,,,
70,I LOVE IT XDD ????????,Free Music,Other,App,,,,,
71,with app fosnt have the real band singing the song it is covered with someone who aent real singers,Free Music,Other,Contents, song,,,,
72,one of the b best,Free Music,Other,App,,,,,
73,Guys this app is aboustly AMAZING ??????????????,Free Music,Other,App,app amazing,,,,
74,it has lots of songs but so many ads,Free Music,Information Giving/Problem Discovery,Contents,lsots songs|ads,,,,
75,i like it but i give for stars *to many ads :(* so yeah ;-;,Free Music,Information Giving/Problem Discovery,Contents,ads,,,,
76,I love it it has great sound quality its free not any ads that ive seen... Its just an great app,Free Music,Information Giving,Contents,"ads,free,quality",,,,
77,"they dont even have the originals to many of the songs, not very good",Free Music,Information Giving/Improvement,Contents,"ads,originals songs",,,,
78,good app for vids or just to listen to music while animating,Free Music,Information Giving,Feature or Functionality,"listen to music,animating",,,,
79,this app is amazing.,Free Music,Other,App,"app,amazing",,,,
80,it is really cool when you are going on a jog,Free Music,Information Giving,App,cool,,,,
81,So cool when i play roblox i can listen to my own music,Free Music,Information Giving,Feature or Functionality,listen to my  music,,,,
82,this is a really good app even though it needs wifi or data its easy ??,Free Music,Information Giving,Resources,wifi,,,,
84,Its awesome I really like it I just love it! ?,Free Music,Other,App,like,,,,
85,Definitely the best music app ive come across this year! The only downfall it s that ot requires wifi but other than that i always find the song im looking for?,Free Music,Information Giving,Resources,wifi,,,,
86,please let us download songs!!Or male the app offline Pleaseeeeee,Free Music,Feature Request,Download,download,Improvement,"please,let",,
87,like it !!!! easy to use with a lot of great songs.,Free Music,Information Giving,Contents,song,app,easy use,,
88,i love to learn to music,Free Music,Other,Contents,music,,,,
89,cool app i love it,Free Music,Other,App,"app,love",,,,
90,It is not too bad but I would like to get just bets or,Free Music,Other,App,,,,,
91,lots of music that i love,Free Music,Information Giving,Contents,music,,,,
92,"its sorta good, i just wish that i can download music....maybe in the next update you have, can you make it download music please?",Free Music,Feature Request,Feature or Functionality,download music,Improvement,plaease,,
93,its little bit good but ill give 4 stars,Free Music,Other,App,,,,,
94,its awesome perfect job making this app ? but I love music but can you make it where you can play songs without wifi I dont have cellular data and I have to take a preschooler and his mom to places and the kid loves it when I play baby shark,Free Music,Feature Request,Resources,wifi,Feature or Functionality,paly songs,,
95,amazing ?????,Free Music,Other,App,amazing,,,,
96,its really useful and so awesome app i think all my favorite music is here?love it!!??,Free Music,Information Giving,Contents,music,,,,
97,It was great music ????I loved?? it,Free Music,Information Giving,App,love,,,,
98,"its free, what more to say. good quality aswell.",Free Music,Information Giving,Pricing,free,,,,
99,does it work with no Wi-Fi,Free Music,Information Seeking,Resources,wifi,Feature or Functionality,work,,
100,?????????????,Free Music,Other,App,,,,,
101,"I love this app its so easy to get around and its great, I know where everything is. I tried many other apps and all of them I didnt know where to go, but this one i do know where to go. I definitely recommend this music app.",Free Music,Information Giving,App,app,Feature or Functionality,get around,,
102,awsome app my experience with this app was great,Free Music,Other,App,"app,great",,,,
103,"This app is so good! It has so much selections! Country, pop, relaxing, anything! It even has a search bar so you can search for songs!",Free Music,Information Giving,GUI,bar,Contents,songs,,
104,im not a whole fan... but it works so im atleast gonna give it a 3.,Free Music,Other,App,,,,,
105,I love it but the problem is like when I put on a song it skips,Free Music,Problem Discovery,Feature or Functionality, put on,Feature or Functionality,"problem,skip",,
106,they have even the hardest-to-find songs,Free Music,Information Giving/Problem Discovery,"Contents/Feature or
Functionality",hard find songs,,,,
107,moonlight songs are the best,Free Music,Information Giving,Contents,moonlight songs,,,,
108,because the music does not work when your wifi is off so i give this a ?.,Free Music,Information Giving,Resources,wifi,Feature or Functionality,work,,
109,awesome any song you want,Free Music,Information Giving,Contents,song,,,,
110,it's great and free,Free Music,Information Giving,Pricing,free,app,great,,
111,it has my type of songs,Free Music,Information Giving,Contents,song,,,,
112,I might link my tune from barking,Free Music,Information Giving,Feature or Functionality,link,,,,
113,I love it it dose'nt need wifi or internt,Free Music,Feature Request,Resources,"wifi,internet",,,,
114,"Amazing, creator of this app, thank you. free music I can listen to at any time. this really helps me out. BROTHERS IN ARMS THEY WILL RUN- sorry",Free Music,Information Giving,Pricing,free,Feature or Functionality,listen music,,
115,easy to get what i was looking for n store..,Free Music,Information Giving,Feature or Functionality,get  ,,,,
116,its ok just need more original songs than those sang by other people,Free Music,Feature Request,Contents,song,Improvement,"need,original songs",,
117,"free app, very good, still discovering it",Free Music,Information Giving,Pricing,free,,,,
118,i love the music.,Free Music,Other,App,love,,,,
119,free nice and free.,Free Music,Information Giving,Pricing,free,,,,
120,how do u turn off the music,Free Music,Information Seeking,Feature or Functionality,turn off music,,,,
121,"Its a Wonderful music player! It has all genres, songs, specifications and etc. Definitely 5 star deserving app!?",Free Music,Information Giving,Contents,songs,Feature or Functionality,music palyer,,
122,i love this is better than Spotify and Pandora mixed to gether (and other music apps),Free Music,Information Giving,App,,,,,
123,cool. . i loved it,Free Music,Other,App,cool,,,,
124,"spent about forty five minutes adding songs to ""my playlist"", a playlist i created quickly when i first downloaded the app to quickly add music as i thought of it. After listing countless songs and bands, i check to review my list and find that only four tracks of the hundred i saved had copied over. I guess if you decide to download this app, check every so often to make sure your tracks are caching over.",Free Music,Information Giving,Feature or Functionality,"tracks,add songs",,,,
125,This app is amazing. I have a few opinions though. 1. I think should have a more personalized name than free music. 2. some songs dont have their name it just has random letters and numbers like delicate by taylor swift. 3. some songs dont have the artists name under them. Thats all and i will continue to use your app. It works offline it still plays when you close the app and play other games.,Free Music,Feature Request,Pricing,"free ,works offline",Improvement,should have,,
126,it keeps on freezing up on me,Free Music,Problem Discovery,App, freezing ,,,,
127,i love i just love it,Free Music,Other,App/other,love,,,,
128,can't go wrong with an old app.,Free Music,Information Giving,App,app,,,,
129,i need pay for ever mouth,Free Music,Information Giving,Pricing,pay for,,,,
130,"Love the music selection. Light app, loads quickly. Offline listening feature works well and handy for limiting your data usage",Spotify - Music and Podcasts,Information Giving,Feature or Functionality," listening feature,music selection,light,loads",,,,
131,"I love spotify, but I can't listen to one single song or playlist. I end up with Justin Beiber instead of Hamilton. If I try to reshuffle the playlist and play a song off of it, I just pause it. Help please, it's so annoying.",Spotify - Music and Podcasts,Information Seeking,Feature or Functionality, play a song,,,,
132,It's a beautiful experience!,Spotify - Music and Podcasts,Other,App,experience!,,,,
133,Best money I spend every month! Spotify's algorithms are the best in the current tech world.,Spotify - Music and Podcasts,Information Giving,Pricing,money,,,,
134,overall is good variety of selection good sound/audio,Spotify - Music and Podcasts,Information Giving,Contents,selection audio,,,,
135,When i walk to school everyday it helps me get lost in the music,Spotify - Music and Podcasts,Information Giving,Contents,music,,,,
136,good!!!!,Spotify - Music and Podcasts,Other,App,,,,,
137,"Can you make so you can play songs on damand, itunes is better than this and i hate apple, etheir make so you can play songs on damand or get rid of spodify primeium",Spotify - Music and Podcasts,Feature Request,Feature or Functionality,"play songs, damand",Improvement,can you,,
138,I wish I could listen to music offline it bothers me but I still like it,Spotify - Music and Podcasts,Feature Request,Feature or Functionality,listen to music offline,,,,
139,you re welcome thank you,Spotify - Music and Podcasts,Other,App,,,,,
140,The best music app ever made!!!!?,Spotify - Music and Podcasts,Other,App,app,,,,
141,still 5 star although some songs by some artists are not present.,Spotify - Music and Podcasts,Information Giving/Feature Request,Contents,songs,Feature or Functionality,present,,
142,great app!!!!,Spotify - Music and Podcasts,Other,App,,,,,
143,Awesome musics and useful app,Spotify - Music and Podcasts,Other,App,app,,,,
144,i don't like it i love it,Spotify - Music and Podcasts,Other,App,,,,,
145,disaat akun premiumnya habis apakah musik yant di download akan hilang?,Spotify - Music and Podcasts,Other,,,,,,
146,spotify has all the muzik! I'm very impressed,Spotify - Music and Podcasts,Other,App,,,,,
147,i had a billing issue and i got it fixed and paid my premium bill but now my songs wont play all the way through i have tried every setting and cant get it to work right now. it used to be a pretty good app but if this issue isnt fixed soon im canceling and uninstalling,Spotify - Music and Podcasts,Problem Discovery,Pricing,bill,Feature or Functionality,play all the way,,
148,"love spotify, highly recommend",Spotify - Music and Podcasts,Other,App,,,,,
149,"Latest songs, clear audio",Spotify - Music and Podcasts,Information Giving,Contents,"song,audio",,,,
150,"the app is very good, thanks spotify",Spotify - Music and Podcasts,Other,App,good,,,,
151,good site for music I listen to and songs and bands they recommend.,Spotify - Music and Podcasts,Information Giving,Feature or Functionality,listen to,Contents,"site,songs,bands",,
152,"Just a great music player, where you can find every piece of music.",Spotify - Music and Podcasts,Information Giving,Contents,music,Feature or Functionality,music palyer,,
153,Very good but a massive problem I'm having is that I play a few songs on my playlist then an ad comes on telling me to get a membership then a song that's not on my playlist comes on randomly even though I have autoplay off and over 12 songs on it. And there's no way you can skip unless you have premium so now I have to listen to random songs that aren't even on my playlist. Also I've added songs to my playlist and they don't show up,Spotify - Music and Podcasts,Problem Discovery,Feature or Functionality,play  ,app,problem,,
154,it is amazing!!!!,Spotify - Music and Podcasts,Other,App,amazing,,,,
155,spotify is the no. 1 woman in my life ??,Spotify - Music and Podcasts,Other,App,,,,,
156,"Superior to Pandora in every way, especially the free version!",Spotify - Music and Podcasts,Information Giving,Pricing,free,,,,
157,"great app, wish had more options to configure, especially display.",Spotify - Music and Podcasts,Feature Request,GUI,display,Improvement,"wish,options,configure",,
158,"its good and stuff but i hate the ads. i guess they have to make their money somehow but jeez. the play the same ad over and over again. it goes like, ""thanks for listening to spotify, really! you could have spun a record, you could have listened to a tape, or you could have listened to an eight track tape, if you knew what an eight track tape looked like."" i hate that ad ?",Spotify - Music and Podcasts,Information Giving,Contents,ads,,,,
159,its easy but i dont know how to download the music offline.,Spotify - Music and Podcasts,Information Seeking,Download,download,Feature or Functionality,music offline,,
160,It's a great app you make your own playlist for free and listen to only the music you put on there and much more as much as you want,Spotify - Music and Podcasts,Information Giving,Pricing,free,Feature or Functionality,"put on,make playlist",,
161,Best music streaming ever!!,Spotify - Music and Podcasts,Other,App,,,,,
162,Awesome and very useful easy downloading.. I really enjoyed it,Spotify - Music and Podcasts,Information Giving,Download,download,,,,
163,why call it "shuffle play" when it wont actually shuffle the songs,Spotify - Music and Podcasts,Information Seeking,Feature or Functionality,shuffle paly,,,,
164,great app !!! Pandora who!!!,Spotify - Music and Podcasts,Other,App,app,,,,
165,bought premium and its glitchy af... UPgrading to free-ad based spotify.,Spotify - Music and Podcasts,Information Giving,Pricing,bought,,,,
166,I love it! You can find any song and any artist!,Spotify - Music and Podcasts,Information Giving,Contents,"song,artist",,,,
167,i find this app much easier and more affordable than previous apps such as ITunes.,Spotify - Music and Podcasts,Information Giving,App,"app,easier,affordable",,,,
168,I love this app a lot,Spotify - Music and Podcasts,Other,App,app,,,,
169,"adds arnt in your face, playlists or fully cuatomizable. i lobe this app, i use it with my ps4.",Spotify - Music and Podcasts,Feature Request,GUI,"adds,face|playlist",,,,
170,was going to give one star but then I remembered the atrocity of YouTube music and decided I should be thankful,Spotify - Music and Podcasts,Information Giving,App,,,,,
171,I love this app even when you're phone of you can hook up to eny to ND of WiFi,Spotify - Music and Podcasts,Information Giving,Resources,wifi,Feature or Functionality,hook up,,
172,I can listen to all of my music when i need to ...,Spotify - Music and Podcasts,Information Giving,Feature or Functionality,listen,,,,
173,Die Suche dauert manchmal echt ewig,Spotify - Music and Podcasts,,,,,,,
174,it's ok. but they add random music they think you'll like and barely even play your music.to many commercials. and always telling you to try spotify premium,Spotify - Music and Podcasts,Information Giving,Feature or Functionality,"play,add random music",,,,
175,my favorite app!!!,Spotify - Music and Podcasts,Other,App,app,,,,
176,The music isnt as available as it used to be,Spotify - Music and Podcasts,Information Giving,App,,,,,
177,"it's great stuff, the family plan works well I just wish I could get the remixes of songs.",Spotify - Music and Podcasts,Information Giving/Feature Request,Contents,songs,Feature or Functionality,wish get remixes songs,,
178,"a music lover must have. huge selection, not quite everything but just about. easy to find new music. you can make it simple and you can rely on spotify to play music or have 100% control over what plays and everything inbetween. create as many unlimited playlists as you want and follow friends to check their playlists.",Spotify - Music and Podcasts,Information Giving,Feature or Functionality,"selection,find|play|create,control",,,,
179,"Great, free platform for listening to music with some ads. can upgrade to premium account to lose the advertisements.",Spotify - Music and Podcasts,Information Giving,Pricing,free,,,,
180,Some songs wont even play now that used to play ..,Spotify - Music and Podcasts,Information Giving,Feature or Functionality,play,,,,
181,Still the best music source in what is now a very crowded marketplace.,Spotify - Music and Podcasts,Information Giving,Contents,"music,ads",,,,
182,this is the best app for music!! it creates 6 personal playlists for you based on the music you listen to on a daily basis and it creates 1 new playlists every Monday filled with new songs you might like :') I never spend money on app but this is the only exception. idk what I would do without spotify premium.,Spotify - Music and Podcasts,Information Giving,Feature or Functionality,"listen,creat playlist",Pricing,money,,
183,rlly dumb.. i have to pay to listen to music i want,Spotify - Music and Podcasts,Information Giving,Pricing,pay to,,,,
184,So much better than the previous service I was using. Love it love it love it.,Spotify - Music and Podcasts,Other,App,,,,,
185,awesome??? I love it I get to listen to my favorite songs all day. ?,Spotify - Music and Podcasts,Information Giving,Feature or Functionality,listen songs,,,,
186,"great app,i love that you can download all types of music.",Spotify - Music and Podcasts,Information Giving,Feature or Functionality,download music,,,,
187,really good app but has way to many bugs like deleting all my music 3 times in about 4 mounths spam singing out ramdomly and not letting me sing back in,Spotify - Music and Podcasts,Problem Discovery,Feature or Functionality,"bug,deleting",,,,
188,keeps crashing towards the end of songs. only started after i got premium so feeling a bit scammed tbh,Spotify - Music and Podcasts,Problem Discovery,App,crashing,,,,
189,Best music streaming app out there. 12/10,Spotify - Music and Podcasts,Other,App,app,,,,
190,"Best streaming service, app needs to mature somewhat. Browsing music is not as intuitive as it should be. Love being able to send my mudic to different devices in the house.",Spotify - Music and Podcasts,Information Giving/Feature Request,Feature or Functionality,browsing ,Feature or Functionality,send music to devices,,
191,I tried to play ONE song and I couldn't. I'm going to get rid of this because it's just wasting my time. it's works on computer not the app.,Spotify - Music and Podcasts,Information Giving,Feature or Functionality,play,,,,
192,"There is a lot Music from K-pop, I- pop, Etc",Spotify - Music and Podcasts,Information Giving,Contents,music from,,,,
193,love making and having custom designed playlists,Spotify - Music and Podcasts,Information Giving,GUI,playlist,,,,
194,great overall app play music on any device and anytime!,Spotify - Music and Podcasts,Other,Model,device,Feature or Functionality,play music,,
195,"bloated and unresponsive, constant ads for their premium service in an app you already have to pay for, not to mention regular ads. it's really gross and i regret ever giving these crooks my money.",Ultimate Guitar: Chords & Tabs,Information Giving,Pricing,pay for,Contents,adds,,
196,"Love this app! Can play so many songs do easily. Honestly, the best part of my day is music and this app makes it so simple to access so many more songs for free. Only one complaint, there are ads in the middle of the songs and this makes it kind of hard to keep the music going if you have you scroll past an ad.",Ultimate Guitar: Chords & Tabs,Information Giving,Feature or Functionality,play,,,,
197,the app is very user friendly and lots of song choices. i also enjoy the autoscroll option. ive been using your website for i guess more than 10 years now and im glad you created this app. thank you ultimate-guitar i appreciate all your efforts.,Ultimate Guitar: Chords & Tabs,Information Giving,Contents,"songs,ads",Pricing,free,,
198,works well enough for the most part tho hard to print off a suitable hardcopy somr,Ultimate Guitar: Chords & Tabs,Information Giving,Feature or Functionality,print off,,,,
199,"Great app. Very convenient, and easy to use.",Ultimate Guitar: Chords & Tabs,Other,App,"app,easy use",,,,
200,A must have for experienced and aspairing guirists.,Ultimate Guitar: Chords & Tabs,Information Giving,Contents,guitarist,,,,
201,"great, very clear chords and tab, although you have to pay if you want the really good music",Ultimate Guitar: Chords & Tabs,Information Giving,Pricing,pay,Feature or Functionality,"clear chords,tab",,
202,great for beginners and country song teacher,Ultimate Guitar: Chords & Tabs,Information Giving,Contents,song,app,country song teacher,,
203,chords are about 85% accurate and an easy fix for anyone who has a good ear.,Ultimate Guitar: Chords & Tabs,Information Giving,Contents,chords ,Feature or Functionality,fix,,
204,"I've learned alot of the songs I know with this app, it's helped me spot in my guitar learning journey. Thanks i just wanted to say thanks again i continue to progress in my journey and i owe alot of it to the U.G team and community this app rocks and now i rock . much love your devoted fan and lifetime member.",Ultimate Guitar: Chords & Tabs,Information Giving,Contents,guitar,,,,
205,So glad someone finally made an app so that we could watch endless adds.,Ultimate Guitar: Chords & Tabs,Information Giving,Feature or Functionality,"watch,add",,,,
206,"great app, def worth the pro if you playa few times a month. i would like to see added functionality for short snippet/shot recording with built in slicer for easy parsing of long sessions",Ultimate Guitar: Chords & Tabs,Information Giving/Feature Request,Feature or Functionality,parsing long sessions,,,,
207,The music sounds nothing like the original song -.-,Ultimate Guitar: Chords & Tabs,Information Giving,Contents,song,,,,
208,Just amazing for learning new songs and it's not just for guitar for instance I use it for my ukulele also,Ultimate Guitar: Chords & Tabs,Information Giving,Contents,guitar,,,,
209,Obrigadu wain from Timor Leste,Ultimate Guitar: Chords & Tabs,,,,,,,
210,"I love the redesign, and now instead of lying about ""limited time"" ""sales"" the app offers full functionality without hiding behind a somewhat extortionate IAP. This review was one star in protest of their shocking false advertising. Now I'm bumping it up to four, but if this app stays on this track over time, this rating will move up to reflect my growing trust. Edit: Not a fan of Shots. Everyone is trying to be Snapchat now :( I am just here for tabs, but Shots is at the top of the page.",Ultimate Guitar: Chords & Tabs,Information Giving,Feature or Functionality,"functionality,redesign",,,,
211,the app is almost perfect. only complaint is that I can't upload any shots. I end up waiting for like an hour and then the app crashes. I'm on galaxy s8 so this shouldn't be happening and my wifi is definitely good enough.,Ultimate Guitar: Chords & Tabs,Problem Discovery,Feature or Functionality,upload shots,Model,galaxy,,
212,"Ultimate Guitar has tons of guitar tabs, chords, bass tabs, piano tabs, ukelele tabs and chords, anything you could ever want in a tab app. Definitely the best tab app on google play, maybe anywhere. Get this now!!!",Ultimate Guitar: Chords & Tabs,Information Giving,Contents,guitar,,,,
213,"Basically it doesnt tell you this isn't the full version, so everytime you open up the app it's bugging to to upgrade to it. Now apparently you have to pay more to simplify the chords - THIS APP DRAINS YOU OF MONEY, DONT BUY IT",Ultimate Guitar: Chords & Tabs,Information Giving,Pricing,pay|buy,,,,
214,"Extremely nice app, love it",Ultimate Guitar: Chords & Tabs,Other,App,app,,,,
215,really good app for guitarist,Ultimate Guitar: Chords & Tabs,Other,App,app,,,,
216,"I spend more time closing ads in the free version than using the app. if the free version is supposed to entice me to pay, It didn't work.",Ultimate Guitar: Chords & Tabs,Information Giving,Pricing,free,,,,
217,super simple and enjoyable!,Ultimate Guitar: Chords & Tabs,Other,App,,,,,
218,Great !!! This app has helped me so much could play a power chord in the beginning now I'm able to play anything that I like.+AWESOME!!! app+FULL STOP!!,Ultimate Guitar: Chords & Tabs,Information Giving,Contents,chord,,,,
219,I've used this app for a long time now and it has only gotten more useful the longer I have had it. Thanks!,Ultimate Guitar: Chords & Tabs,Other,App,app,,,,
220,"It has what you need and even more, including tabs, new chords, and song you probobly didnt know they had. If you like playing guitar and you're new this is a great app.",Ultimate Guitar: Chords & Tabs,Information Giving,"Contents/Feature or
Functionality",play chords|song,,,,
221,"buggy, sometimes can't save favourite. crashes a couple of times each day during play. when it works it's awesome.",Ultimate Guitar: Chords & Tabs,Problem Discovery,Feature or Functionality," save favourite,crashes",,,,
222,Pretty great practice and learning tool well worth paying for Thanks guys will continue to use this.!,Ultimate Guitar: Chords & Tabs,Information Giving,Pricing,pay for,,,,
223,Very nice and user friendly,Ultimate Guitar: Chords & Tabs,Other,App,,,,,
224,A great help in learning new songs.,Ultimate Guitar: Chords & Tabs,Information Giving,App,,Contents,learn songs,,
225,F¨¢cil de usar. Puedo seleccionar mi lista de preferencia. :D Great enhancements. Fully satisfied. La meilleure app du monde.,Ultimate Guitar: Chords & Tabs,,,,,,,
226,"its awesome but they've made it super slow for people who aren't buying the pro subscription, or whatever it is. :(",Ultimate Guitar: Chords & Tabs,Information Giving,Pricing,buying,App,slow,,
227,"Huge range on artists and songs. Just keep in mind, it's whatever someone heard of a song. Not everything is correct, but its better this way. It challenges you, great app.",Ultimate Guitar: Chords & Tabs,Information Giving,Contents,artists|songs,,,,
228,Fantastic app. I use it loads !!,Ultimate Guitar: Chords & Tabs,Other,App,"app,fantastic",,,,
229,I have found this very helpful to learning my favorite songs on the guitar.,Ultimate Guitar: Chords & Tabs,Information Giving,Contents,guitar,Feature or Functionality,learn songs,,
230,"Easier to use and faster with every update. But it still constantly asks us to upgrade to pro, and recently the transpose and autoscroll features, which have been free since the beginning, are pro-only features :(",Ultimate Guitar: Chords & Tabs,Information Giving,Feature or Functionality,transpose|autoscroll ,Updates/ Versions,update,,
231,best guitar chord library in the world,Ultimate Guitar: Chords & Tabs,Information Giving,Contents,guitar chord ,,,,
232,I like this app you can learn the chord from this app,Ultimate Guitar: Chords & Tabs,Information Giving,Contents,chord,Feature or Functionality,clear chords,,
233,nice apps for the beginners in guitar especially.,Ultimate Guitar: Chords & Tabs,Information Giving,Contents,guitar,,,,
234,love ultimate guitar but never had to pay for auto scroll before what's happened I've been using this for years,Ultimate Guitar: Chords & Tabs,Information Giving,Pricing,pay for ,,,,
235,"I love it! It's very useful for beginners and experts as well. But I can't change from guitar to ukulele, I mean I cant find the chords and the tuner for ukulele. Please help!",Ultimate Guitar: Chords & Tabs,Information Seeking,Feature or Functionality,change guitar,,,,
236,"Very useful for practice when I'm not near my PC, however the desktop website has far fewer limitations like it's ability to transpose and autoscroll, which are unavailable in the app (unless you're willing to pay).",Ultimate Guitar: Chords & Tabs,Information Giving,Feature or Functionality,transpose|autoscroll,Pricing,pay,,
237,"I use this app often for learning songs easily and the community is great. I love the range of difficulty, and also level of expertise needed to learn songs.",Ultimate Guitar: Chords & Tabs,Information Giving,Contents,learn song,,,,
238,"Is it MUST to force me to pay? If it still, anyway 1 star is too much isn't it? I can't enjoy my Ultimate guitar anymore for now, there will be always appear a video and adjust me to pay before open the tabs. Are u kidding? Then if it must to pay, take it to Payment Application category.",Ultimate Guitar: Chords & Tabs,Information Seeking,Pricing,pay,,,,
239,There is much more of this application I need to explore.,Ultimate Guitar: Chords & Tabs,Other,App,application,,,,
240,"Help me play the guitar while.im reading the chords at the same time,thanks for the apps",Ultimate Guitar: Chords & Tabs,Information Giving,Contents,play guitar,,,,
241,"As promised, I changed my vote. I also subscribed. I have grown to like the app very much. Very useful. I have new issues now, however they are less extreme but only small annoyances. Most notably the proverbial pain it is to manipulate the loop setting during a song. Very precise touch required to activate the slider. Something easily fixed with an update. Thank you for the reply, by the way, it shows a respect for your customers. Even the annoying ones.",Ultimate Guitar: Chords & Tabs,Information Giving,Feature or Functionality,"manipulate,loop setting",Updates/ Versions,update,,
242,update broke the app for me. wouldn't even install the update properly and the old version quit working. uninstalled,Ultimate Guitar: Chords & Tabs,Problem Discovery,Updates/ Versions,"update,broke",,,,
243,"I love this app and have been using it for 10 years ! The new shots feature is really cool but there are a couple of bugs. 1. Flipping the camera while recording crashes the program 2. I get errors when uploading that say try again, sometimes it goes through, and other times it immediately says error again. Recommendations: 1. Make a 5th button on the bottom that takes me directly to my own shots. 2. Shots should be organized using the same system as the tabs. 3. What are the errors?",Ultimate Guitar: Chords & Tabs,Problem Discovery,Feature or Functionality,"Flipping|uploading,bug",GUI,button,,
244,"The only guitar app you need. Tabs, tuner, chord library, metronome... It's got the best song library with multiple tabs for each song so beginners can find simplified versions and experts can find the most intricate version.",Ultimate Guitar: Chords & Tabs,Information Giving,Contents,"song,guitar",,,,
245,this app is lit????,Ultimate Guitar: Chords & Tabs,Other,App,app,,,,
246,"Full of spam and publicity. It's not enough to purchase the app, they are constantly pushing their subscription fees each time you use it. Lame.",Ultimate Guitar: Chords & Tabs,Information Giving,Pricing,purchase,Contents,"spam,publicity",,
247,very quick and songs are quite accurate.,Ultimate Guitar: Chords & Tabs,Information Giving,App,quick,Contents,songs,,
248,I finallt bought the pro version ad this app ROCKS! I use it every day and find it really easy to use!,Ultimate Guitar: Chords & Tabs,Information Giving,Pricing,bought,Contents,ad,,
249,Simply superb. No other guitar app comes close to this,Ultimate Guitar: Chords & Tabs,Information Giving,App,app,,,,
250,"love the music database, but I paid for a premium account and it glitches constantly, redirecting me to the google play page over and over...",Ultimate Guitar: Chords & Tabs,Problem Discovery,Feature or Functionality,redirecting,Pricing,pay for,,
251,Thanks for a great app & for adding the 'Shots' feature. Has more room for development. Always expecting more from the developers of this app. (It's always a 5 stars for your apps...),Ultimate Guitar: Chords & Tabs,Information Giving,Feature or Functionality,adding Shots,Company,developers,,
252,"this helped me so much, the app allowed me to find my favorite songs and actually learn them.The experience as well is just great",Ultimate Guitar: Chords & Tabs,Information Giving,Contents,songs,feature or Functionality,find songs,,
253,"It is a great app for guitar, uke, vocal, and bass",Ultimate Guitar: Chords & Tabs,Information Giving,Contents,guitar| uke| vocal|bass,,,,
254,"this is usually my go to tab software on the go, but the last update messed up the interface for me. the highlight function for looping is non functional",Ultimate Guitar: Chords & Tabs,Problem Discovery,GUI,interface,Updates/ Versions,update,,
255,i love it l.because we can find chord song and its teach us how to struming another else......?,Ultimate Guitar: Chords & Tabs,Information Giving,Contents, chord song,feature or Functionality,teach struming,,
256,Save favourites won't work anymore after update,Ultimate Guitar: Chords & Tabs,Problem Discovery,Updates/ Versions,update,feature or Functionality,save favourites,,
257,A must have for any aspiring musician. Their lessons give you the tools to break the learning curve and reach new heights whether you're a beginner or a veteran Guitarist.,Ultimate Guitar: Chords & Tabs,Information Giving,Contents,"lessons,tools",,,,
258,very versitale music styles of every song,Ultimate Guitar: Chords & Tabs,Information Giving,Contents,song,feature or Functionality,versitable music,,
259,"bad. it took a while to get to the tab due to adds, than it didn't have the tab. trash app unless you love adds. it's a app for adds not tabs.",Ultimate Guitar: Chords & Tabs,Information Giving/problem Discovery,Contents,adds,GUI,tab,,
